Travel Offer ID,Legs Number,Profile,Starting point,Destination,Via,Departure time,Arrival time,Services,Transfers,Transfer duration,Walking distance to stop,Walking speed,Cycling distance to stop,Cycling speed,Driving speed,Quick,Reliable,Cheap,Comfortable,Door-to-door,Environmentally friendly,Short,Multitasking,Social,Panoramic,Healthy,LegMode,LegCarrier,LegSeat,LegLength
202105120302370,5,Business,Dublin,Milan,"['Brugge', 'London', 'Krumlov', 'Oxford']",2022-10-20 21:49,2022-11-02 08:53,"['Local type', 'Water transport', 'Telecabin']",None,At least 30 min,500m,Slow,18000m,Fast,Fast,0.3232,0.7024,0.5873,0.8966,0.856,0.1789,0.6779,0.9593,0.785,0.658,0.2301,"['Coach', 'Trolely Bus', 'Urban', 'Bike Sharing', 'Tram']","['RegioJet', 'Trenitalia', 'FlixBus', 'AirFrance', 'FlixBus']","['Window', 'Aisle', 'Aisle', 'Large', 'Window']","[71, 75, 25, 13, 73]"
202105120302371,2,Business,Dublin,Milan,['Kraków'],2022-10-20 21:49,2022-11-02 08:53,"['Local type', 'Water transport', 'Telecabin']",Max 3,At least 35 min,1500m,Slow,3000m,Fast,Fast,0.7182,0.6124,0.0163,0.4362,0.0684,0.0197,0.8726,0.8592,0.7787,0.9063,0.3585,"['Bike Sharing', 'Cable Way']","['Renfe', 'VBB']","['Large', 'Aisle']","[78, 70]"
202105120302372,3,Business,Dublin,Milan,"['Porto', 'Brugge']",2022-10-20 21:49,2022-11-02 08:53,"['Local type', 'Water transport', 'Telecabin']",Max 1,normal,1000m,Slow,6000m,Fast,Fast,0.9547,0.9681,0.0334,0.9843,0.0059,0.2547,0.1782,0.1066,0.9025,0.619,0.9337,"['Other', 'Bike Sharing', 'Tram']","['Renfe', 'KLM', 'Renfe']","['Large', 'Window', 'Window']","[100, 35, 28]"
202105120302373,10,Business,Dublin,Milan,"['Barcelona', 'Rome', 'Milan', 'Nice', 'Warsaw', 'Frankfurt', 'Madrid', 'Porto', 'Dublin']",2022-10-20 21:49,2022-11-02 08:53,"['Local type', 'Water transport', 'Telecabin']",Max 2,At least 10 min,4000m,Slow,13000m,Fast,Fast,0.5389,0.0117,0.8121,0.0962,0.5213,0.649,0.9834,0.3935,0.3822,0.3334,0.1485,"['Airline', 'Other', 'Car Sharing', 'Train', 'Ship', 'Other', 'Other', 'Funicular', 'Funicular', 'Urban']","['Renfe', 'FlixBus', 'FlixBus', 'RegioJet', 'TMB', 'KLM', 'SNFC', 'AirFrance', 'Renfe', 'FlixBus']","['Window', 'Window', 'Window', 'Large', 'Aisle', 'Window', 'Aisle', 'Window', 'Large', 'Large']","[49, 84, 78, 58, 33, 23, 57, 90, 28, 23]"
202105120302374,8,Business,Dublin,Milan,"['Paris', 'Praha', 'Rome', 'Barcelona', 'Bruxelle', 'Milan', 'Nice']",2022-10-20 21:49,2022-11-02 08:53,"['Local type', 'Water transport', 'Telecabin']",Max 4,At least 15 min,4000m,Slow,8500m,Fast,Fast,0.1077,0.3903,0.7697,0.8577,0.0106,0.2367,0.6973,0.3244,0.3559,0.2513,0.1942,"['Train', 'Tram', 'Coach', 'Metro', 'Toll', 'Park', 'Bus', 'Tram']","['KLM', 'RegioJet', 'AirFrance', 'Renfe', 'Iberia', 'AirFrance', 'FlixBus', 'Trenitalia']","['Window', 'Aisle', 'Window', 'Aisle', 'Aisle', 'Window', 'Window', 'Large']","[85, 14, 49, 93, 54, 64, 48, 19]"
202105120302375,9,Business,Dublin,Milan,"['Berlin', 'London', 'Oxford', 'Warsaw', 'Barcelona', 'Porto', 'Praha', 'Rome']",2022-10-20 21:49,2022-11-02 08:53,"['Local type', 'Water transport', 'Telecabin']",None,At least 20 min,4500m,Slow,2000m,Fast,Fast,0.2426,0.0808,0.5612,0.2863,0.3096,0.4085,0.0255,0.514,0.4813,0.5622,0.2869,"['Airline', 'Metro', 'Urban', 'Car Sharing', 'Park', 'Coach', 'Bike Sharing', 'Ship', 'Coach']","['VBB', 'AirFrance', 'Iberia', 'AirFrance', 'RegioJet', 'Iberia', 'SNFC', 'TMB', 'Renfe']","['Window', 'Large', 'Large', 'Aisle', 'Window', 'Aisle', 'Large', 'Large', 'Large']","[23, 88, 21, 10, 13, 46, 86, 67, 60]"
202105120302376,8,Business,Dublin,Milan,"['Milan', 'Kraków', 'Krumlov', 'Lisbon', 'Frankfurt', 'Barcelona', 'Madrid']",2022-10-20 21:49,2022-11-02 08:53,"['Local type', 'Water transport', 'Telecabin']",Max 2,At least 45 min,4500m,Slow,19500m,Fast,Fast,0.2531,0.9307,0.9368,0.0485,0.079,0.7797,0.4828,0.0742,0.0322,0.2133,0.4449,"['Airline', 'Car Sharing', 'Toll', 'Other', 'Metro', 'Train', 'Toll', 'Toll']","['Trenitalia', 'TMB', 'FlixBus', 'Renfe', 'AirFrance', 'Renfe', 'Iberia', 'FlixBus']","['Aisle', 'Aisle', 'Large', 'Large', 'Window', 'Window', 'Aisle', 'Aisle']","[84, 24, 11, 61, 94, 51, 28, 17]"
202105120302377,9,Business,Dublin,Milan,"['Porto', 'Berlin', 'Warsaw', 'Milan', 'Frankfurt', 'Madrid', 'Bruxelle', 'Praha']",2022-10-20 21:49,2022-11-02 08:53,"['Local type', 'Water transport', 'Telecabin']",Max 2,normal,2000m,Slow,15500m,Fast,Fast,0.887,0.4183,0.2204,0.2145,0.258,0.85,0.1298,0.896,0.5884,0.5059,0.1975,"['Toll', 'Taxi', 'Coach', 'Bike Sharing', 'Park', 'Train', 'Trolely Bus', 'Toll', 'Tram']","['SNFC', 'AirFrance', 'Trenitalia', 'KLM', 'KLM', 'TMB', 'FlixBus', 'TMB', 'Iberia']","['Large', 'Large', 'Window', 'Large', 'Large', 'Large', 'Aisle', 'Aisle', 'Aisle']","[44, 14, 16, 13, 67, 26, 46, 86, 91]"
202105120302378,9,Business,Dublin,Milan,"['Krumlov', 'Nice', 'Rome', 'Crok', 'Porto', 'Brugge', 'Warsaw', 'Frankfurt']",2022-10-20 21:49,2022-11-02 08:53,"['Local type', 'Water transport', 'Telecabin']",None,At least 40 min,4500m,Slow,15500m,Fast,Fast,0.3305,0.0092,0.6731,0.7595,0.2399,0.6394,0.5539,0.4505,0.6034,0.557,0.0979,"['Train', 'Other', 'Trolely Bus', 'Funicular', 'Airline', 'Train', 'Intercity', 'Airline', 'Airline']","['Trenitalia', 'Iberia', 'Trenitalia', 'AirFrance', 'VBB', 'KLM', 'KLM', 'KLM', 'Trenitalia']","['Window', 'Aisle', 'Large', 'Window', 'Aisle', 'Aisle', 'Large', 'Large', 'Aisle']","[11, 22, 22, 51, 82, 19, 38, 82, 83]"
202105120302379,2,Business,Dublin,Milan,['Bruxelle'],2022-10-20 21:49,2022-11-02 08:53,"['Local type', 'Water transport', 'Telecabin']",Unlimited,At least 10 min,3500m,Slow,17500m,Fast,Fast,0.6991,0.1703,0.5429,0.9775,0.9799,0.8806,0.7446,0.273,0.045,0.3797,0.1216,"['Taxi', 'Tram']","['AirFrance', 'RegioJet']","['Window', 'Aisle']","[66, 39]"
2021051203023710,2,Business,Dublin,Milan,['Rome'],2022-10-20 21:49,2022-11-02 08:53,"['Local type', 'Water transport', 'Telecabin']",Max 1,At least 30 min,2500m,Slow,2500m,Fast,Fast,0.0812,0.3919,0.3321,0.926,0.929,0.4662,0.5746,0.0487,0.396,0.4257,0.1821,"['Taxi', 'Train']","['FlixBus', 'RegioJet']","['Large', 'Window']","[41, 65]"
2021051203023711,6,Business,Dublin,Milan,"['Bruxelle', 'Milan', 'Rome', 'Warsaw', 'Berlin']",2022-10-20 21:49,2022-11-02 08:53,"['Local type', 'Water transport', 'Telecabin']",None,At least 25 min,4500m,Slow,11000m,Fast,Fast,0.5683,0.5334,0.5933,0.0987,0.4398,0.5098,0.775,0.9663,0.2208,0.2045,0.9523,"['Urban', 'Coach', 'Taxi', 'Taxi', 'Tram', 'Urban']","['Renfe', 'Trenitalia', 'Iberia', 'AirFrance', 'Renfe', 'FlixBus']","['Aisle', 'Large', 'Large', 'Window', 'Aisle', 'Window']","[72, 36, 45, 91, 96, 24]"
2021051203023712,3,Business,Dublin,Milan,"['Lisbon', 'Warsaw']",2022-10-20 21:49,2022-11-02 08:53,"['Local type', 'Water transport', 'Telecabin']",Max 3,normal,4000m,Slow,15500m,Fast,Fast,0.6308,0.6363,0.2281,0.9688,0.3387,0.0459,0.5266,0.2889,0.3674,0.9096,0.6242,"['Cable Way', 'Tram', 'Metro']","['KLM', 'AirFrance', 'VBB']","['Aisle', 'Aisle', 'Large']","[95, 59, 38]"
2021051203023713,10,Business,Dublin,Milan,"['Warsaw', 'Madrid', 'Dublin', 'Krumlov', 'Porto', 'Paris', 'Bruxelle', 'Praha', 'Barcelona']",2022-10-20 21:49,2022-11-02 08:53,"['Local type', 'Water transport', 'Telecabin']",Unlimited,At least 40 min,1000m,Slow,7000m,Fast,Fast,0.2018,0.5835,0.473,0.2869,0.4215,0.6255,0.9536,0.3211,0.8934,0.8875,0.318,"['Intercity', 'Car Sharing', 'Cable Way', 'Car Sharing', 'Funicular', 'Metro', 'Funicular', 'Trolely Bus', 'Train', 'Trolely Bus']","['TMB', 'Renfe', 'VBB', 'VBB', 'TMB', 'RegioJet', 'AirFrance', 'KLM', 'Trenitalia', 'FlixBus']","['Aisle', 'Window', 'Window', 'Window', 'Aisle', 'Aisle', 'Window', 'Aisle', 'Large', 'Window']","[86, 57, 77, 93, 29, 27, 73, 32, 86, 57]"
2021051203023714,6,Business,Dublin,Milan,"['Rome', 'Warsaw', 'Milan', 'Paris', 'Nice']",2022-10-20 21:49,2022-11-02 08:53,"['Local type', 'Water transport', 'Telecabin']",Max 4,At least 10 min,3500m,Slow,8500m,Fast,Fast,0.1739,0.1251,0.0306,0.1977,0.2469,0.0391,0.5985,0.7381,0.3232,0.5681,0.2174,"['Other', 'Car Sharing', 'Intercity', 'Intercity', 'Train', 'Park']","['TMB', 'FlixBus', 'Iberia', 'RegioJet', 'Iberia', 'FlixBus']","['Large', 'Large', 'Window', 'Aisle', 'Aisle', 'Aisle']","[74, 99, 50, 86, 20, 86]"
2021051203023715,4,Business,Dublin,Milan,"['Oxford', 'Nice', 'Paris']",2022-10-20 21:49,2022-11-02 08:53,"['Local type', 'Water transport', 'Telecabin']",Max 4,At least 45 min,2500m,Slow,19500m,Fast,Fast,0.5866,0.9958,0.9566,0.3535,0.9566,0.2932,0.1103,0.3495,0.4472,0.7378,0.9585,"['Cable Way', 'Metro', 'Ship', 'Train']","['Trenitalia', 'FlixBus', 'FlixBus', 'AirFrance']","['Window', 'Window', 'Large', 'Aisle']","[71, 58, 60, 84]"
2021051203023716,1,Business,Dublin,Milan,[],2022-10-20 21:49,2022-11-02 08:53,"['Local type', 'Water transport', 'Telecabin']",Unlimited,At least 45 min,500m,Slow,19000m,Fast,Fast,0.6297,0.551,0.2243,0.5163,0.8134,0.6426,0.914,0.5403,0.5555,0.9789,0.2191,['Taxi'],['TMB'],['Window'],[80]
2021051203023717,5,Business,Dublin,Milan,"['Praha', 'Oxford', 'Krumlov', 'Barcelona']",2022-10-20 21:49,2022-11-02 08:53,"['Local type', 'Water transport', 'Telecabin']",Max 3,At least 35 min,2000m,Slow,15000m,Fast,Fast,0.0899,0.5324,0.5113,0.5929,0.783,0.8827,0.0742,0.877,0.1552,0.4884,0.0356,"['Toll', 'Trolely Bus', 'Intercity', 'Trolely Bus', 'Train']","['KLM', 'Iberia', 'SNFC', 'VBB', 'Iberia']","['Aisle', 'Large', 'Large', 'Window', 'Large']","[43, 21, 94, 58, 39]"
2021051203023718,10,Business,Dublin,Milan,"['Praha', 'Porto', 'Dublin', 'Oxford', 'Brugge', 'Berlin', 'Barcelona', 'Lisbon', 'Madrid']",2022-10-20 21:49,2022-11-02 08:53,"['Local type', 'Water transport', 'Telecabin']",Max 4,At least 15 min,1500m,Slow,18500m,Fast,Fast,0.9043,0.9875,0.1278,0.078,0.9449,0.9235,0.9892,0.8485,0.2751,0.0629,0.4225,"['Train', 'Taxi', 'Intercity', 'Trolely Bus', 'Bike Sharing', 'Car Sharing', 'Ship', 'Cable Way', 'Urban', 'Funicular']","['VBB', 'FlixBus', 'AirFrance', 'Renfe', 'SNFC', 'Renfe', 'TMB', 'SNFC', 'Iberia', 'TMB']","['Window', 'Aisle', 'Large', 'Large', 'Aisle', 'Aisle', 'Aisle', 'Window', 'Window', 'Aisle']","[83, 92, 71, 58, 48, 51, 79, 17, 59, 72]"
2021051203023719,2,Business,Dublin,Milan,['Warsaw'],2022-10-20 21:49,2022-11-02 08:53,"['Local type', 'Water transport', 'Telecabin']",Max 1,At least 30 min,4500m,Slow,18000m,Fast,Fast,0.3866,0.7774,0.12,0.3738,0.3806,0.8252,0.0133,0.6068,0.1905,0.0621,0.059,"['Trolely Bus', 'Trolely Bus']","['Iberia', 'AirFrance']","['Large', 'Window']","[28, 45]"
2021051203023720,3,Business,Dublin,Milan,"['Frankfurt', 'Dublin']",2022-10-20 21:49,2022-11-02 08:53,"['Local type', 'Water transport', 'Telecabin']",Unlimited,At least 30 min,1500m,Slow,17000m,Fast,Fast,0.0662,0.3348,0.8979,0.5692,0.9804,0.8257,0.1222,0.3907,0.1819,0.5611,0.1188,"['Cable Way', 'Bus', 'Metro']","['Iberia', 'TMB', 'RegioJet']","['Window', 'Aisle', 'Window']","[66, 15, 87]"
2021051203023721,8,Business,Dublin,Milan,"['Frankfurt', 'Berlin', 'Nice', 'Milan', 'Krumlov', 'Barcelona', 'Porto']",2022-10-20 21:49,2022-11-02 08:53,"['Local type', 'Water transport', 'Telecabin']",None,At least 25 min,4500m,Slow,19500m,Fast,Fast,0.7773,0.9366,0.0082,0.4603,0.3209,0.8434,0.8822,0.8569,0.8391,0.2229,0.0209,"['Cable Way', 'Tram', 'Ship', 'Intercity', 'Trolely Bus', 'Intercity', 'Car Sharing', 'Cable Way']","['KLM', 'KLM', 'VBB', 'FlixBus', 'Trenitalia', 'RegioJet', 'Renfe', 'Iberia']","['Window', 'Window', 'Window', 'Large', 'Large', 'Aisle', 'Window', 'Large']","[47, 56, 27, 72, 56, 34, 53, 17]"
2021051203023722,5,Business,Dublin,Milan,"['Madrid', 'London', 'Crok', 'Barcelona']",2022-10-20 21:49,2022-11-02 08:53,"['Local type', 'Water transport', 'Telecabin']",Max 4,At least 20 min,3000m,Slow,8000m,Fast,Fast,0.5796,0.2921,0.6264,0.857,0.4255,0.2149,0.4177,0.3982,0.7485,0.7315,0.0143,"['Toll', 'Ship', 'Coach', 'Bike Sharing', 'Taxi']","['Renfe', 'SNFC', 'FlixBus', 'RegioJet', 'RegioJet']","['Window', 'Large', 'Large', 'Aisle', 'Aisle']","[32, 32, 68, 89, 19]"
2021051203023723,9,Business,Dublin,Milan,"['London', 'Milan', 'Nice', 'Oxford', 'Lisbon', 'Krumlov', 'Berlin', 'Brugge']",2022-10-20 21:49,2022-11-02 08:53,"['Local type', 'Water transport', 'Telecabin']",Max 4,At least 25 min,1500m,Slow,8500m,Fast,Fast,0.0428,0.134,0.997,0.8749,0.4198,0.0833,0.5864,0.0971,0.831,0.0077,0.8363,"['Bus', 'Other', 'Urban', 'Taxi', 'Funicular', 'Urban', 'Urban', 'Park', 'Metro']","['TMB', 'RegioJet', 'VBB', 'Iberia', 'SNFC', 'KLM', 'KLM', 'AirFrance', 'Iberia']","['Window', 'Window', 'Large', 'Window', 'Large', 'Window', 'Large', 'Large', 'Aisle']","[58, 28, 60, 36, 91, 94, 27, 14, 79]"
2021051203023724,3,Business,Dublin,Milan,"['Barcelona', 'Rome']",2022-10-20 21:49,2022-11-02 08:53,"['Local type', 'Water transport', 'Telecabin']",None,At least 25 min,4500m,Slow,15000m,Fast,Fast,0.1783,0.8253,0.1504,0.952,0.5316,0.2799,0.3668,0.1749,0.5307,0.2377,0.7101,"['Cable Way', 'Metro', 'Toll']","['VBB', 'AirFrance', 'AirFrance']","['Large', 'Window', 'Aisle']","[50, 35, 58]"
2021051203023725,3,Business,Dublin,Milan,"['Berlin', 'Praha']",2022-10-20 21:49,2022-11-02 08:53,"['Local type', 'Water transport', 'Telecabin']",Max 1,At least 25 min,1000m,Slow,19500m,Fast,Fast,0.958,0.8878,0.6049,0.9222,0.1655,0.5411,0.9614,0.7739,0.2554,0.8034,0.9363,"['Intercity', 'Trolely Bus', 'Taxi']","['RegioJet', 'FlixBus', 'RegioJet']","['Aisle', 'Window', 'Window']","[57, 33, 14]"
2021051203023726,6,Business,Dublin,Milan,"['Paris', 'Rome', 'Bruxelle', 'Madrid', 'Kraków']",2022-10-20 21:49,2022-11-02 08:53,"['Local type', 'Water transport', 'Telecabin']",None,normal,1000m,Slow,14500m,Fast,Fast,0.6343,0.0597,0.3092,0.5009,0.9642,0.0862,0.4814,0.5044,0.9273,0.809,0.2103,"['Bus', 'Toll', 'Bus', 'Taxi', 'Airline', 'Taxi']","['Renfe', 'KLM', 'Iberia', 'Renfe', 'TMB', 'RegioJet']","['Aisle', 'Window', 'Aisle', 'Window', 'Window', 'Aisle']","[30, 79, 73, 34, 10, 30]"
2021051203023727,1,Business,Dublin,Milan,[],2022-10-20 21:49,2022-11-02 08:53,"['Local type', 'Water transport', 'Telecabin']",Max 2,At least 15 min,500m,Slow,14500m,Fast,Fast,0.2249,0.4276,0.1012,0.4808,0.7435,0.119,0.0779,0.7159,0.5176,0.9522,0.9894,['Taxi'],['RegioJet'],['Large'],[23]
